Workbook

Sheet ISTRUZIONI
B1: KAIROS CUP 2025 — Gestione Torneo
B2: Campo Giarizzole · Trieste · Calcio a 7 · 10 squadre
B4: COME USARE QUESTO FILE:
B5: 1. Foglio PARTITE → inserisci i gol (celle gialle) per ogni partita giocata.
B6: 2. Foglio GIOCATORI → inserisci nome, squadra, gol, assist, voto, presenze.
B7: 3. Foglio CLASSIFICA → si aggiorna automaticamente (non modificare le formule).
B8: 4. Foglio EXPORT_JSON → copia il testo dalla cella B4 e incollalo nel sito.
B10: FORMATO TORNEO:
B11: Fase 1 — Campionato avulso: tutti contro tutti (45 partite totali, 9 giornate da 5).
B12: Fase 2 — Finali per posizione: 1°vs2°, 3°vs4°, 5°vs6°, 7°vs8°, 9°vs10°.
B13: Punti: Vittoria=3 | Pareggio=1 | Sconfitta=0
B15: ⚠ Non modificare le formule nei fogli CLASSIFICA e EXPORT_JSON.

Sheet PARTITE
A1: KAIROS CUP 2025 — RISULTATI PARTITE
A2: ◆ FASE 1 — CAMPIONATO AVULSO ◆
A3: # | B3: Giornata | C3: Squadra A | D3: Gol A | E3: VS | F3: Gol B | G3: Squadra B | H3: Data | I3: Note
A4: 1 | B4: G1 | C4: Torino 1 | E4: VS | G4: Torino 2
A5: 2 | B5: G1 | C5: Mestre 1 | E5: VS | G5: Trieste 1
A6: 3 | B6: G1 | C6: Venezia/Mestre | E6: VS | G6: Udine
A7: 4 | B7: G1 | C7: Merano | E7: VS | G7: San Giorgio di Nogaro
A8: 5 | B8: G1 | C8: Pordenone | E8: VS | G8: Pordenone
A9: 6 | B9: G2 | C9: Torino 1 | E9: VS | G9: Trieste 2
A10: 7 | B10: G2 | C10: Torino 2 | E10: VS | G10: Udine
A11: 8 | B11: G2 | C11: Mestre 1 | E11: VS | G11: San Giorgio di Nogaro
A12: 9 | B12: G2 | C12: Venezia/Mestre | E12: VS | G12: Pordenone
A13: 10 | B13: G2 | C13: Merano | E13: VS | G13: Merano
A14: 11 | B14: G3 | C14: Torino 1 | E14: VS | G14: Trieste 1
A15: 12 | B15: G3 | C15: Trieste 2 | E15: VS | G15: San Giorgio di Nogaro
... A48: 45 | B48: G9 | C48: San Giorgio di Nogaro | E48: VS | G48: San Giorgio di Nogaro
A49: ◆ FASE 2 — FINALI PER POSIZIONE ◆
A50: # | B50: Giornata | C50: Squadra A | D50: Gol A | E50: VS | F50: Gol B | G50: Squadra B | H50: Data | I50: Note
A51: 1 | B51: FIN | C51: TBD (dalla classifica) | E51: VS | G51: TBD (dalla classifica) | H51: Finale 1°/2°
A52: 2 | B52: FIN | C52: TBD (dalla classifica) | E52: VS | G52: TBD (dalla classifica) | H52: Finale 3°/4°
A53: 3 | B53: FIN | C53: TBD (dalla classifica) | E53: VS | G53: TBD (dalla classifica) | H53: Finale 5°/6°
A54: 4 | B54: FIN | C54: TBD (dalla classifica) | E54: VS | G54: TBD (dalla classifica) | H54: Finale 7°/8°
A55: 5 | B55: FIN | C55: TBD (dalla classifica) | E55: VS | G55: TBD (dalla classifica) | H55: Finale 9°/10°

Sheet GIOCATORI
A1: KAIROS CUP 2025 — DATI GIOCATORI
A2: # | B2: N° | C2: Cognome e Nome | D2: Squadra | E2: Gol | F2: Assist | G2: Voto (1-10) | H2: Presenze | I2: Ruolo
A3: 1
A4: 2
A5: 3
A6: 4
A7: 5
A8: 6
A9: 7
A10: 8
A11: 9
A12: 10
A13: 11
A14: 12
... A202: 200

Sheet _CALC
A1: Squadra | B1: G | C1: V | D1: N | E1: P | F1: GF | G1: GS | H1: Pt | I1: Rank
A2: Torino 1 | B2: =COUNTIFS(PARTITE!C4:C48,A2,PARTITE!D4:D48,">="&0,PARTITE!F4:F48,">="&0)+COUNTIFS(PARTITE!G4:G48,A2,PARTITE!D4:D48,">="&0,PARTITE!F4:F48,">="&0) | C2: =SUMPRODUCT((PARTITE!C4:C48=A2)*(ISNUMBER(PARTITE!D4:D48))*(ISNUMBER(PARTITE!F4:F48))*(PARTITE!D4:D48>PARTITE!F4:F48))+SUMPRODUCT((PARTITE!G4:G48=A2)*(ISNUMBER(PARTITE!D4:D48))*(ISNUMBER(PARTITE!F4:F48))*(PARTITE!F4:F48>PARTITE!D4:D48)) | D2: =SUMPRODUCT((PARTITE!C4:C48=A2)*(ISNUMBER(PARTITE!D4:D48))*(ISNUMBER(PARTITE!F4:F48))*(PARTITE!D4:D48=PARTITE!F4:F48))+SUMPRODUCT((PARTITE!G4:G48=A2)*(ISNUMBER(PARTITE!D4:D48))*(ISNUMBER(PARTITE!F4:F48))*(PARTITE!F4:F48=PARTITE!D4:D48)) | E2: =B2-C2-D2 | F2: =SUMIFS(PARTITE!D4:D48,PARTITE!C4:C48,A2)+SUMIFS(PARTITE!F4:F48,PARTITE!G4:G48,A2) | G2: =SUMIFS(PARTITE!F4:F48,PARTITE!C4:C48,A2)+SUMIFS(PARTITE!D4:D48,PARTITE!G4:G48,A2) | H2: =C2*3+D2 | I2: =RANK(H2,H$2:H$11,0)
A3: Torino 2 | B3: =COUNTIFS(PARTITE!C4:C48,A3,PARTITE!D4:D48,">="&0,PARTITE!F4:F48,">="&0)+COUNTIFS(PARTITE!G4:G48,A3,PARTITE!D4:D48,">="&0,PARTITE!F4:F48,">="&0) | C3: =SUMPRODUCT((PARTITE!C4:C48=A3)*(ISNUMBER(PARTITE!D4:D48))*(ISNUMBER(PARTITE!F4:F48))*(PARTITE!D4:D48>PARTITE!F4:F48))+SUMPRODUCT((PARTITE!G4:G48=A3)*(ISNUMBER(PARTITE!D4:D48))*(ISNUMBER(PARTITE!F4:F48))*(PARTITE!F4:F48>PARTITE!D4:D48)) | D3: =SUMPRODUCT((PARTITE!C4:C48=A3)*(ISNUMBER(PARTITE!D4:D48))*(ISNUMBER(PARTITE!F4:F48))*(PARTITE!D4:D48=PARTITE!F4:F48))+SUMPRODUCT((PARTITE!G4:G48=A3)*(ISNUMBER(PARTITE!D4:D48))*(ISNUMBER(PARTITE!F4:F48))*(PARTITE!F4:F48=PARTITE!D4:D48)) | E3: =B3-C3-D3 | F3: =SUMIFS(PARTITE!D4:D48,PARTITE!C4:C48,A3)+SUMIFS(PARTITE!F4:F48,PARTITE!G4:G48,A3) | G3: =SUMIFS(PARTITE!F4:F48,PARTITE!C4:C48,A3)+SUMIFS(PARTITE!D4:D48,PARTITE!G4:G48,A3) | H3: =C3*3+D3 | I3: =RANK(H3,H$2:H$11,0)
A4: Mestre 1 | B4: =COUNTIFS(PARTITE!C4:C48,A4,PARTITE!D4:D48,">="&0,PARTITE!F4:F48,">="&0)+COUNTIFS(PARTITE!G4:G48,A4,PARTITE!D4:D48,">="&0,PARTITE!F4:F48,">="&0) | C4: =SUMPRODUCT((PARTITE!C4:C48=A4)*(ISNUMBER(PARTITE!D4:D48))*(ISNUMBER(PARTITE!F4:F48))*(PARTITE!D4:D48>PARTITE!F4:F48))+SUMPRODUCT((PARTITE!G4:G48=A4)*(ISNUMBER(PARTITE!D4:D48))*(ISNUMBER(PARTITE!F4:F48))*(PARTITE!F4:F48>PARTITE!D4:D48)) | D4: =SUMPRODUCT((PARTITE!C4:C48=A4)*(ISNUMBER(PARTITE!D4:D48))*(ISNUMBER(PARTITE!F4:F48))*(PARTITE!D4:D48=PARTITE!F4:F48))+SUMPRODUCT((PARTITE!G4:G48=A4)*(ISNUMBER(PARTITE!D4:D48))*(ISNUMBER(PARTITE!F4:F48))*(PARTITE!F4:F48=PARTITE!D4:D48)) | E4: =B4-C4-D4 | F4: =SUMIFS(PARTITE!D4:D48,PARTITE!C4:C48,A4)+SUMIFS(PARTITE!F4:F48,PARTITE!G4:G48,A4) | G4: =SUMIFS(PARTITE!F4:F48,PARTITE!C4:C48,A4)+SUMIFS(PARTITE!D4:D48,PARTITE!G4:G48,A4) | H4: =C4*3+D4 | I4: =RANK(H4,H$2:H$11,0)
A5: Venezia/Mestre | B5: =COUNTIFS(PARTITE!C4:C48,A5,PARTITE!D4:D48,">="&0,PARTITE!F4:F48,">="&0)+COUNTIFS(PARTITE!G4:G48,A5,PARTITE!D4:D48,">="&0,PARTITE!F4:F48,">="&0) | C5: =SUMPRODUCT((PARTITE!C4:C48=A5)*(ISNUMBER(PARTITE!D4:D48))*(ISNUMBER(PARTITE!F4:F48))*(PARTITE!D4:D48>PARTITE!F4:F48))+SUMPRODUCT((PARTITE!G4:G48=A5)*(ISNUMBER(PARTITE!D4:D48))*(ISNUMBER(PARTITE!F4:F48))*(PARTITE!F4:F48>PARTITE!D4:D48)) | D5: =SUMPRODUCT((PARTITE!C4:C48=A5)*(ISNUMBER(PARTITE!D4:D48))*(ISNUMBER(PARTITE!F4:F48))*(PARTITE!D4:D48=PARTITE!F4:F48))+SUMPRODUCT((PARTITE!G4:G48=A5)*(ISNUMBER(PARTITE!D4:D48))*(ISNUMBER(PARTITE!F4:F48))*(PARTITE!F4:F48=PARTITE!D4:D48)) | E5: =B5-C5-D5 | F5: =SUMIFS(PARTITE!D4:D48,PARTITE!C4:C48,A5)+SUMIFS(PARTITE!F4:F48,PARTITE!G4:G48,A5) | G5: =SUMIFS(PARTITE!F4:F48,PARTITE!C4:C48,A5)+SUMIFS(PARTITE!D4:D48,PARTITE!G4:G48,A5) | H5: =C5*3+D5 | I5: =RANK(H5,H$2:H$11,0)
A6: Merano | B6: =COUNTIFS(PARTITE!C4:C48,A6,PARTITE!D4:D48,">="&0,PARTITE!F4:F48,">="&0)+COUNTIFS(PARTITE!G4:G48,A6,PARTITE!D4:D48,">="&0,PARTITE!F4:F48,">="&0) | C6: =SUMPRODUCT((PARTITE!C4:C48=A6)*(ISNUMBER(PARTITE!D4:D48))*(ISNUMBER(PARTITE!F4:F48))*(PARTITE!D4:D48>PARTITE!F4:F48))+SUMPRODUCT((PARTITE!G4:G48=A6)*(ISNUMBER(PARTITE!D4:D48))*(ISNUMBER(PARTITE!F4:F48))*(PARTITE!F4:F48>PARTITE!D4:D48)) | D6: =SUMPRODUCT((PARTITE!C4:C48=A6)*(ISNUMBER(PARTITE!D4:D48))*(ISNUMBER(PARTITE!F4:F48))*(PARTITE!D4:D48=PARTITE!F4:F48))+SUMPRODUCT((PARTITE!G4:G48=A6)*(ISNUMBER(PARTITE!D4:D48))*(ISNUMBER(PARTITE!F4:F48))*(PARTITE!F4:F48=PARTITE!D4:D48)) | E6: =B6-C6-D6 | F6: =SUMIFS(PARTITE!D4:D48,PARTITE!C4:C48,A6)+SUMIFS(PARTITE!F4:F48,PARTITE!G4:G48,A6) | G6: =SUMIFS(PARTITE!F4:F48,PARTITE!C4:C48,A6)+SUMIFS(PARTITE!D4:D48,PARTITE!G4:G48,A6) | H6: =C6*3+D6 | I6: =RANK(H6,H$2:H$11,0)
A7: Pordenone | B7: =COUNTIFS(PARTITE!C4:C48,A7,PARTITE!D4:D48,">="&0,PARTITE!F4:F48,">="&0)+COUNTIFS(PARTITE!G4:G48,A7,PARTITE!D4:D48,">="&0,PARTITE!F4:F48,">="&0) | C7: =SUMPRODUCT((PARTITE!C4:C48=A7)*(ISNUMBER(PARTITE!D4:D48))*(ISNUMBER(PARTITE!F4:F48))*(PARTITE!D4:D48>PARTITE!F4:F48))+SUMPRODUCT((PARTITE!G4:G48=A7)*(ISNUMBER(PARTITE!D4:D48))*(ISNUMBER(PARTITE!F4:F48))*(PARTITE!F4:F48>PARTITE!D4:D48)) | D7: =SUMPRODUCT((PARTITE!C4:C48=A7)*(ISNUMBER(PARTITE!D4:D48))*(ISNUMBER(PARTITE!F4:F48))*(PARTITE!D4:D48=PARTITE!F4:F48))+SUMPRODUCT((PARTITE!G4:G48=A7)*(ISNUMBER(PARTITE!D4:D48))*(ISNUMBER(PARTITE!F4:F48))*(PARTITE!F4:F48=PARTITE!D4:D48)) | E7: =B7-C7-D7 | F7: =SUMIFS(PARTITE!D4:D48,PARTITE!C4:C48,A7)+SUMIFS(PARTITE!F4:F48,PARTITE!G4:G48,A7) | G7: =SUMIFS(PARTITE!F4:F48,PARTITE!C4:C48,A7)+SUMIFS(PARTITE!D4:D48,PARTITE!G4:G48,A7) | H7: =C7*3+D7 | I7: =RANK(H7,H$2:H$11,0)
A8: San Giorgio di Nogaro | B8: =COUNTIFS(PARTITE!C4:C48,A8,PARTITE!D4:D48,">="&0,PARTITE!F4:F48,">="&0)+COUNTIFS(PARTITE!G4:G48,A8,PARTITE!D4:D48,">="&0,PARTITE!F4:F48,">="&0) | C8: =SUMPRODUCT((PARTITE!C4:C48=A8)*(ISNUMBER(PARTITE!D4:D48))*(ISNUMBER(PARTITE!F4:F48))*(PARTITE!D4:D48>PARTITE!F4:F48))+SUMPRODUCT((PARTITE!G4:G48=A8)*(ISNUMBER(PARTITE!D4:D48))*(ISNUMBER(PARTITE!F4:F48))*(PARTITE!F4:F48>PARTITE!D4:D48)) | D8: =SUMPRODUCT((PARTITE!C4:C48=A8)*(ISNUMBER(PARTITE!D4:D48))*(ISNUMBER(PARTITE!F4:F48))*(PARTITE!D4:D48=PARTITE!F4:F48))+SUMPRODUCT((PARTITE!G4:G48=A8)*(ISNUMBER(PARTITE!D4:D48))*(ISNUMBER(PARTITE!F4:F48))*(PARTITE!F4:F48=PARTITE!D4:D48)) | E8: =B8-C8-D8 | F8: =SUMIFS(PARTITE!D4:D48,PARTITE!C4:C48,A8)+SUMIFS(PARTITE!F4:F48,PARTITE!G4:G48,A8) | G8: =SUMIFS(PARTITE!F4:F48,PARTITE!C4:C48,A8)+SUMIFS(PARTITE!D4:D48,PARTITE!G4:G48,A8) | H8: =C8*3+D8 | I8: =RANK(H8,H$2:H$11,0)
A9: Udine | B9: =COUNTIFS(PARTITE!C4:C48,A9,PARTITE!D4:D48,">="&0,PARTITE!F4:F48,">="&0)+COUNTIFS(PARTITE!G4:G48,A9,PARTITE!D4:D48,">="&0,PARTITE!F4:F48,">="&0) | C9: =SUMPRODUCT((PARTITE!C4:C48=A9)*(ISNUMBER(PARTITE!D4:D48))*(ISNUMBER(PARTITE!F4:F48))*(PARTITE!D4:D48>PARTITE!F4:F48))+SUMPRODUCT((PARTITE!G4:G48=A9)*(ISNUMBER(PARTITE!D4:D48))*(ISNUMBER(PARTITE!F4:F48))*(PARTITE!F4:F48>PARTITE!D4:D48)) | D9: =SUMPRODUCT((PARTITE!C4:C48=A9)*(ISNUMBER(PARTITE!D4:D48))*(ISNUMBER(PARTITE!F4:F48))*(PARTITE!D4:D48=PARTITE!F4:F48))+SUMPRODUCT((PARTITE!G4:G48=A9)*(ISNUMBER(PARTITE!D4:D48))*(ISNUMBER(PARTITE!F4:F48))*(PARTITE!F4:F48=PARTITE!D4:D48)) | E9: =B9-C9-D9 | F9: =SUMIFS(PARTITE!D4:D48,PARTITE!C4:C48,A9)+SUMIFS(PARTITE!F4:F48,PARTITE!G4:G48,A9) | G9: =SUMIFS(PARTITE!F4:F48,PARTITE!C4:C48,A9)+SUMIFS(PARTITE!D4:D48,PARTITE!G4:G48,A9) | H9: =C9*3+D9 | I9: =RANK(H9,H$2:H$11,0)
A10: Trieste 1 | B10: =COUNTIFS(PARTITE!C4:C48,A10,PARTITE!D4:D48,">="&0,PARTITE!F4:F48,">="&0)+COUNTIFS(PARTITE!G4:G48,A10,PARTITE!D4:D48,">="&0,PARTITE!F4:F48,">="&0) | C10: =SUMPRODUCT((PARTITE!C4:C48=A10)*(ISNUMBER(PARTITE!D4:D48))*(ISNUMBER(PARTITE!F4:F48))*(PARTITE!D4:D48>PARTITE!F4:F48))+SUMPRODUCT((PARTITE!G4:G48=A10)*(ISNUMBER(PARTITE!D4:D48))*(ISNUMBER(PARTITE!F4:F48))*(PARTITE!F4:F48>PARTITE!D4:D48)) | D10: =SUMPRODUCT((PARTITE!C4:C48=A10)*(ISNUMBER(PARTITE!D4:D48))*(ISNUMBER(PARTITE!F4:F48))*(PARTITE!D4:D48=PARTITE!F4:F48))+SUMPRODUCT((PARTITE!G4:G48=A10)*(ISNUMBER(PARTITE!D4:D48))*(ISNUMBER(PARTITE!F4:F48))*(PARTITE!F4:F48=PARTITE!D4:D48)) | E10: =B10-C10-D10 | F10: =SUMIFS(PARTITE!D4:D48,PARTITE!C4:C48,A10)+SUMIFS(PARTITE!F4:F48,PARTITE!G4:G48,A10) | G10: =SUMIFS(PARTITE!F4:F48,PARTITE!C4:C48,A10)+SUMIFS(PARTITE!D4:D48,PARTITE!G4:G48,A10) | H10: =C10*3+D10 | I10: =RANK(H10,H$2:H$11,0)
A11: Trieste 2 | B11: =COUNTIFS(PARTITE!C4:C48,A11,PARTITE!D4:D48,">="&0,PARTITE!F4:F48,">="&0)+COUNTIFS(PARTITE!G4:G48,A11,PARTITE!D4:D48,">="&0,PARTITE!F4:F48,">="&0) | C11: =SUMPRODUCT((PARTITE!C4:C48=A11)*(ISNUMBER(PARTITE!D4:D48))*(ISNUMBER(PARTITE!F4:F48))*(PARTITE!D4:D48>PARTITE!F4:F48))+SUMPRODUCT((PARTITE!G4:G48=A11)*(ISNUMBER(PARTITE!D4:D48))*(ISNUMBER(PARTITE!F4:F48))*(PARTITE!F4:F48>PARTITE!D4:D48)) | D11: =SUMPRODUCT((PARTITE!C4:C48=A11)*(ISNUMBER(PARTITE!D4:D48))*(ISNUMBER(PARTITE!F4:F48))*(PARTITE!D4:D48=PARTITE!F4:F48))+SUMPRODUCT((PARTITE!G4:G48=A11)*(ISNUMBER(PARTITE!D4:D48))*(ISNUMBER(PARTITE!F4:F48))*(PARTITE!F4:F48=PARTITE!D4:D48)) | E11: =B11-C11-D11 | F11: =SUMIFS(PARTITE!D4:D48,PARTITE!C4:C48,A11)+SUMIFS(PARTITE!F4:F48,PARTITE!G4:G48,A11) | G11: =SUMIFS(PARTITE!F4:F48,PARTITE!C4:C48,A11)+SUMIFS(PARTITE!D4:D48,PARTITE!G4:G48,A11) | H11: =C11*3+D11 | I11: =RANK(H11,H$2:H$11,0)

Sheet CLASSIFICA
A1: KAIROS CUP 2025 — CLASSIFICA
A2: Pos | B2: Squadra | C2: G | D2: V | E2: N | F2: P | G2: GF | H2: GS | I2: Dr | J2: Pt
A3: 1 | B3: =IFERROR(INDEX(_CALC!A$2:A$11,MATCH(1,_CALC!I$2:I$11,0)),"") | C3: =IFERROR(INDEX(_CALC!B$2:B$11,MATCH(1,_CALC!I$2:I$11,0)),"") | D3: =IFERROR(INDEX(_CALC!C$2:C$11,MATCH(1,_CALC!I$2:I$11,0)),"") | E3: =IFERROR(INDEX(_CALC!D$2:D$11,MATCH(1,_CALC!I$2:I$11,0)),"") | F3: =IFERROR(INDEX(_CALC!E$2:E$11,MATCH(1,_CALC!I$2:I$11,0)),"") | G3: =IFERROR(INDEX(_CALC!F$2:F$11,MATCH(1,_CALC!I$2:I$11,0)),"") | H3: =IFERROR(INDEX(_CALC!G$2:G$11,MATCH(1,_CALC!I$2:I$11,0)),"") | I3: =IFERROR(INDEX(_CALC!F$2:F$11,MATCH(1,_CALC!I$2:I$11,0))-INDEX(_CALC!G$2:G$11,MATCH(1,_CALC!I$2:I$11,0)),"") | J3: =IFERROR(INDEX(_CALC!H$2:H$11,MATCH(1,_CALC!I$2:I$11,0)),"")
A4: 2 | B4: =IFERROR(INDEX(_CALC!A$2:A$11,MATCH(2,_CALC!I$2:I$11,0)),"") | C4: =IFERROR(INDEX(_CALC!B$2:B$11,MATCH(2,_CALC!I$2:I$11,0)),"") | D4: =IFERROR(INDEX(_CALC!C$2:C$11,MATCH(2,_CALC!I$2:I$11,0)),"") | E4: =IFERROR(INDEX(_CALC!D$2:D$11,MATCH(2,_CALC!I$2:I$11,0)),"") | F4: =IFERROR(INDEX(_CALC!E$2:E$11,MATCH(2,_CALC!I$2:I$11,0)),"") | G4: =IFERROR(INDEX(_CALC!F$2:F$11,MATCH(2,_CALC!I$2:I$11,0)),"") | H4: =IFERROR(INDEX(_CALC!G$2:G$11,MATCH(2,_CALC!I$2:I$11,0)),"") | I4: =IFERROR(INDEX(_CALC!F$2:F$11,MATCH(2,_CALC!I$2:I$11,0))-INDEX(_CALC!G$2:G$11,MATCH(2,_CALC!I$2:I$11,0)),"") | J4: =IFERROR(INDEX(_CALC!H$2:H$11,MATCH(2,_CALC!I$2:I$11,0)),"")
A5: 3 | B5: =IFERROR(INDEX(_CALC!A$2:A$11,MATCH(3,_CALC!I$2:I$11,0)),"") | C5: =IFERROR(INDEX(_CALC!B$2:B$11,MATCH(3,_CALC!I$2:I$11,0)),"") | D5: =IFERROR(INDEX(_CALC!C$2:C$11,MATCH(3,_CALC!I$2:I$11,0)),"") | E5: =IFERROR(INDEX(_CALC!D$2:D$11,MATCH(3,_CALC!I$2:I$11,0)),"") | F5: =IFERROR(INDEX(_CALC!E$2:E$11,MATCH(3,_CALC!I$2:I$11,0)),"") | G5: =IFERROR(INDEX(_CALC!F$2:F$11,MATCH(3,_CALC!I$2:I$11,0)),"") | H5: =IFERROR(INDEX(_CALC!G$2:G$11,MATCH(3,_CALC!I$2:I$11,0)),"") | I5: =IFERROR(INDEX(_CALC!F$2:F$11,MATCH(3,_CALC!I$2:I$11,0))-INDEX(_CALC!G$2:G$11,MATCH(3,_CALC!I$2:I$11,0)),"") | J5: =IFERROR(INDEX(_CALC!H$2:H$11,MATCH(3,_CALC!I$2:I$11,0)),"")
A6: 4 | B6: =IFERROR(INDEX(_CALC!A$2:A$11,MATCH(4,_CALC!I$2:I$11,0)),"") | C6: =IFERROR(INDEX(_CALC!B$2:B$11,MATCH(4,_CALC!I$2:I$11,0)),"") | D6: =IFERROR(INDEX(_CALC!C$2:C$11,MATCH(4,_CALC!I$2:I$11,0)),"") | E6: =IFERROR(INDEX(_CALC!D$2:D$11,MATCH(4,_CALC!I$2:I$11,0)),"") | F6: =IFERROR(INDEX(_CALC!E$2:E$11,MATCH(4,_CALC!I$2:I$11,0)),"") | G6: =IFERROR(INDEX(_CALC!F$2:F$11,MATCH(4,_CALC!I$2:I$11,0)),"") | H6: =IFERROR(INDEX(_CALC!G$2:G$11,MATCH(4,_CALC!I$2:I$11,0)),"") | I6: =IFERROR(INDEX(_CALC!F$2:F$11,MATCH(4,_CALC!I$2:I$11,0))-INDEX(_CALC!G$2:G$11,MATCH(4,_CALC!I$2:I$11,0)),"") | J6: =IFERROR(INDEX(_CALC!H$2:H$11,MATCH(4,_CALC!I$2:I$11,0)),"")
A7: 5 | B7: =IFERROR(INDEX(_CALC!A$2:A$11,MATCH(5,_CALC!I$2:I$11,0)),"") | C7: =IFERROR(INDEX(_CALC!B$2:B$11,MATCH(5,_CALC!I$2:I$11,0)),"") | D7: =IFERROR(INDEX(_CALC!C$2:C$11,MATCH(5,_CALC!I$2:I$11,0)),"") | E7: =IFERROR(INDEX(_CALC!D$2:D$11,MATCH(5,_CALC!I$2:I$11,0)),"") | F7: =IFERROR(INDEX(_CALC!E$2:E$11,MATCH(5,_CALC!I$2:I$11,0)),"") | G7: =IFERROR(INDEX(_CALC!F$2:F$11,MATCH(5,_CALC!I$2:I$11,0)),"") | H7: =IFERROR(INDEX(_CALC!G$2:G$11,MATCH(5,_CALC!I$2:I$11,0)),"") | I7: =IFERROR(INDEX(_CALC!F$2:F$11,MATCH(5,_CALC!I$2:I$11,0))-INDEX(_CALC!G$2:G$11,MATCH(5,_CALC!I$2:I$11,0)),"") | J7: =IFERROR(INDEX(_CALC!H$2:H$11,MATCH(5,_CALC!I$2:I$11,0)),"")
A8: 6 | B8: =IFERROR(INDEX(_CALC!A$2:A$11,MATCH(6,_CALC!I$2:I$11,0)),"") | C8: =IFERROR(INDEX(_CALC!B$2:B$11,MATCH(6,_CALC!I$2:I$11,0)),"") | D8: =IFERROR(INDEX(_CALC!C$2:C$11,MATCH(6,_CALC!I$2:I$11,0)),"") | E8: =IFERROR(INDEX(_CALC!D$2:D$11,MATCH(6,_CALC!I$2:I$11,0)),"") | F8: =IFERROR(INDEX(_CALC!E$2:E$11,MATCH(6,_CALC!I$2:I$11,0)),"") | G8: =IFERROR(INDEX(_CALC!F$2:F$11,MATCH(6,_CALC!I$2:I$11,0)),"") | H8: =IFERROR(INDEX(_CALC!G$2:G$11,MATCH(6,_CALC!I$2:I$11,0)),"") | I8: =IFERROR(INDEX(_CALC!F$2:F$11,MATCH(6,_CALC!I$2:I$11,0))-INDEX(_CALC!G$2:G$11,MATCH(6,_CALC!I$2:I$11,0)),"") | J8: =IFERROR(INDEX(_CALC!H$2:H$11,MATCH(6,_CALC!I$2:I$11,0)),"")
A9: 7 | B9: =IFERROR(INDEX(_CALC!A$2:A$11,MATCH(7,_CALC!I$2:I$11,0)),"") | C9: =IFERROR(INDEX(_CALC!B$2:B$11,MATCH(7,_CALC!I$2:I$11,0)),"") | D9: =IFERROR(INDEX(_CALC!C$2:C$11,MATCH(7,_CALC!I$2:I$11,0)),"") | E9: =IFERROR(INDEX(_CALC!D$2:D$11,MATCH(7,_CALC!I$2:I$11,0)),"") | F9: =IFERROR(INDEX(_CALC!E$2:E$11,MATCH(7,_CALC!I$2:I$11,0)),"") | G9: =IFERROR(INDEX(_CALC!F$2:F$11,MATCH(7,_CALC!I$2:I$11,0)),"") | H9: =IFERROR(INDEX(_CALC!G$2:G$11,MATCH(7,_CALC!I$2:I$11,0)),"") | I9: =IFERROR(INDEX(_CALC!F$2:F$11,MATCH(7,_CALC!I$2:I$11,0))-INDEX(_CALC!G$2:G$11,MATCH(7,_CALC!I$2:I$11,0)),"") | J9: =IFERROR(INDEX(_CALC!H$2:H$11,MATCH(7,_CALC!I$2:I$11,0)),"")
A10: 8 | B10: =IFERROR(INDEX(_CALC!A$2:A$11,MATCH(8,_CALC!I$2:I$11,0)),"") | C10: =IFERROR(INDEX(_CALC!B$2:B$11,MATCH(8,_CALC!I$2:I$11,0)),"") | D10: =IFERROR(INDEX(_CALC!C$2:C$11,MATCH(8,_CALC!I$2:I$11,0)),"") | E10: =IFERROR(INDEX(_CALC!D$2:D$11,MATCH(8,_CALC!I$2:I$11,0)),"") | F10: =IFERROR(INDEX(_CALC!E$2:E$11,MATCH(8,_CALC!I$2:I$11,0)),"") | G10: =IFERROR(INDEX(_CALC!F$2:F$11,MATCH(8,_CALC!I$2:I$11,0)),"") | H10: =IFERROR(INDEX(_CALC!G$2:G$11,MATCH(8,_CALC!I$2:I$11,0)),"") | I10: =IFERROR(INDEX(_CALC!F$2:F$11,MATCH(8,_CALC!I$2:I$11,0))-INDEX(_CALC!G$2:G$11,MATCH(8,_CALC!I$2:I$11,0)),"") | J10: =IFERROR(INDEX(_CALC!H$2:H$11,MATCH(8,_CALC!I$2:I$11,0)),"")
A11: 9 | B11: =IFERROR(INDEX(_CALC!A$2:A$11,MATCH(9,_CALC!I$2:I$11,0)),"") | C11: =IFERROR(INDEX(_CALC!B$2:B$11,MATCH(9,_CALC!I$2:I$11,0)),"") | D11: =IFERROR(INDEX(_CALC!C$2:C$11,MATCH(9,_CALC!I$2:I$11,0)),"") | E11: =IFERROR(INDEX(_CALC!D$2:D$11,MATCH(9,_CALC!I$2:I$11,0)),"") | F11: =IFERROR(INDEX(_CALC!E$2:E$11,MATCH(9,_CALC!I$2:I$11,0)),"") | G11: =IFERROR(INDEX(_CALC!F$2:F$11,MATCH(9,_CALC!I$2:I$11,0)),"") | H11: =IFERROR(INDEX(_CALC!G$2:G$11,MATCH(9,_CALC!I$2:I$11,0)),"") | I11: =IFERROR(INDEX(_CALC!F$2:F$11,MATCH(9,_CALC!I$2:I$11,0))-INDEX(_CALC!G$2:G$11,MATCH(9,_CALC!I$2:I$11,0)),"") | J11: =IFERROR(INDEX(_CALC!H$2:H$11,MATCH(9,_CALC!I$2:I$11,0)),"")
A12: 10 | B12: =IFERROR(INDEX(_CALC!A$2:A$11,MATCH(10,_CALC!I$2:I$11,0)),"") | C12: =IFERROR(INDEX(_CALC!B$2:B$11,MATCH(10,_CALC!I$2:I$11,0)),"") | D12: =IFERROR(INDEX(_CALC!C$2:C$11,MATCH(10,_CALC!I$2:I$11,0)),"") | E12: =IFERROR(INDEX(_CALC!D$2:D$11,MATCH(10,_CALC!I$2:I$11,0)),"") | F12: =IFERROR(INDEX(_CALC!E$2:E$11,MATCH(10,_CALC!I$2:I$11,0)),"") | G12: =IFERROR(INDEX(_CALC!F$2:F$11,MATCH(10,_CALC!I$2:I$11,0)),"") | H12: =IFERROR(INDEX(_CALC!G$2:G$11,MATCH(10,_CALC!I$2:I$11,0)),"") | I12: =IFERROR(INDEX(_CALC!F$2:F$11,MATCH(10,_CALC!I$2:I$11,0))-INDEX(_CALC!G$2:G$11,MATCH(10,_CALC!I$2:I$11,0)),"") | J12: =IFERROR(INDEX(_CALC!H$2:H$11,MATCH(10,_CALC!I$2:I$11,0)),"")
A14: CLASSIFICA CANNONIERI
A15: Pos | B15: Cognome e Nome | C15: Squadra | D15: Gol | E15: Assist | F15: Voto | G15: Presenze
A16: 1 | B16: =IFERROR(INDEX(GIOCATORI!C$3:C$202,MATCH(LARGE(GIOCATORI!E$3:E$202,1),GIOCATORI!E$3:E$202,0)),"") | C16: =IFERROR(INDEX(GIOCATORI!D$3:D$202,MATCH(LARGE(GIOCATORI!E$3:E$202,1),GIOCATORI!E$3:E$202,0)),"") | D16: =IFERROR(INDEX(GIOCATORI!E$3:E$202,MATCH(LARGE(GIOCATORI!E$3:E$202,1),GIOCATORI!E$3:E$202,0)),"") | E16: =IFERROR(INDEX(GIOCATORI!F$3:F$202,MATCH(LARGE(GIOCATORI!E$3:E$202,1),GIOCATORI!E$3:E$202,0)),"") | F16: =IFERROR(INDEX(GIOCATORI!G$3:G$202,MATCH(LARGE(GIOCATORI!E$3:E$202,1),GIOCATORI!E$3:E$202,0)),"") | G16: =IFERROR(INDEX(GIOCATORI!H$3:H$202,MATCH(LARGE(GIOCATORI!E$3:E$202,1),GIOCATORI!E$3:E$202,0)),"")
A17: 2 | B17: =IFERROR(INDEX(GIOCATORI!C$3:C$202,MATCH(LARGE(GIOCATORI!E$3:E$202,2),GIOCATORI!E$3:E$202,0)),"") | C17: =IFERROR(INDEX(GIOCATORI!D$3:D$202,MATCH(LARGE(GIOCATORI!E$3:E$202,2),GIOCATORI!E$3:E$202,0)),"") | D17: =IFERROR(INDEX(GIOCATORI!E$3:E$202,MATCH(LARGE(GIOCATORI!E$3:E$202,2),GIOCATORI!E$3:E$202,0)),"") | E17: =IFERROR(INDEX(GIOCATORI!F$3:F$202,MATCH(LARGE(GIOCATORI!E$3:E$202,2),GIOCATORI!E$3:E$202,0)),"") | F17: =IFERROR(INDEX(GIOCATORI!G$3:G$202,MATCH(LARGE(GIOCATORI!E$3:E$202,2),GIOCATORI!E$3:E$202,0)),"") | G17: =IFERROR(INDEX(GIOCATORI!H$3:H$202,MATCH(LARGE(GIOCATORI!E$3:E$202,2),GIOCATORI!E$3:E$202,0)),"")
A18: 3 | B18: =IFERROR(INDEX(GIOCATORI!C$3:C$202,MATCH(LARGE(GIOCATORI!E$3:E$202,3),GIOCATORI!E$3:E$202,0)),"") | C18: =IFERROR(INDEX(GIOCATORI!D$3:D$202,MATCH(LARGE(GIOCATORI!E$3:E$202,3),GIOCATORI!E$3:E$202,0)),"") | D18: =IFERROR(INDEX(GIOCATORI!E$3:E$202,MATCH(LARGE(GIOCATORI!E$3:E$202,3),GIOCATORI!E$3:E$202,0)),"") | E18: =IFERROR(INDEX(GIOCATORI!F$3:F$202,MATCH(LARGE(GIOCATORI!E$3:E$202,3),GIOCATORI!E$3:E$202,0)),"") | F18: =IFERROR(INDEX(GIOCATORI!G$3:G$202,MATCH(LARGE(GIOCATORI!E$3:E$202,3),GIOCATORI!E$3:E$202,0)),"") | G18: =IFERROR(INDEX(GIOCATORI!H$3:H$202,MATCH(LARGE(GIOCATORI!E$3:E$202,3),GIOCATORI!E$3:E$202,0)),"")
A19: 4 | B19: =IFERROR(INDEX(GIOCATORI!C$3:C$202,MATCH(LARGE(GIOCATORI!E$3:E$202,4),GIOCATORI!E$3:E$202,0)),"") | C19: =IFERROR(INDEX(GIOCATORI!D$3:D$202,MATCH(LARGE(GIOCATORI!E$3:E$202,4),GIOCATORI!E$3:E$202,0)),"") | D19: =IFERROR(INDEX(GIOCATORI!E$3:E$202,MATCH(LARGE(GIOCATORI!E$3:E$202,4),GIOCATORI!E$3:E$202,0)),"") | E19: =IFERROR(INDEX(GIOCATORI!F$3:F$202,MATCH(LARGE(GIOCATORI!E$3:E$202,4),GIOCATORI!E$3:E$202,0)),"") | F19: =IFERROR(INDEX(GIOCATORI!G$3:G$202,MATCH(LARGE(GIOCATORI!E$3:E$202,4),GIOCATORI!E$3:E$202,0)),"") | G19: =IFERROR(INDEX(GIOCATORI!H$3:H$202,MATCH(LARGE(GIOCATORI!E$3:E$202,4),GIOCATORI!E$3:E$202,0)),"")
A20: 5 | B20: =IFERROR(INDEX(GIOCATORI!C$3:C$202,MATCH(LARGE(GIOCATORI!E$3:E$202,5),GIOCATORI!E$3:E$202,0)),"") | C20: =IFERROR(INDEX(GIOCATORI!D$3:D$202,MATCH(LARGE(GIOCATORI!E$3:E$202,5),GIOCATORI!E$3:E$202,0)),"") | D20: =IFERROR(INDEX(GIOCATORI!E$3:E$202,MATCH(LARGE(GIOCATORI!E$3:E$202,5),GIOCATORI!E$3:E$202,0)),"") | E20: =IFERROR(INDEX(GIOCATORI!F$3:F$202,MATCH(LARGE(GIOCATORI!E$3:E$202,5),GIOCATORI!E$3:E$202,0)),"") | F20: =IFERROR(INDEX(GIOCATORI!G$3:G$202,MATCH(LARGE(GIOCATORI!E$3:E$202,5),GIOCATORI!E$3:E$202,0)),"") | G20: =IFERROR(INDEX(GIOCATORI!H$3:H$202,MATCH(LARGE(GIOCATORI!E$3:E$202,5),GIOCATORI!E$3:E$202,0)),"")
A21: 6 | B21: =IFERROR(INDEX(GIOCATORI!C$3:C$202,MATCH(LARGE(GIOCATORI!E$3:E$202,6),GIOCATORI!E$3:E$202,0)),"") | C21: =IFERROR(INDEX(GIOCATORI!D$3:D$202,MATCH(LARGE(GIOCATORI!E$3:E$202,6),GIOCATORI!E$3:E$202,0)),"") | D21: =IFERROR(INDEX(GIOCATORI!E$3:E$202,MATCH(LARGE(GIOCATORI!E$3:E$202,6),GIOCATORI!E$3:E$202,0)),"") | E21: =IFERROR(INDEX(GIOCATORI!F$3:F$202,MATCH(LARGE(GIOCATORI!E$3:E$202,6),GIOCATORI!E$3:E$202,0)),"") | F21: =IFERROR(INDEX(GIOCATORI!G$3:G$202,MATCH(LARGE(GIOCATORI!E$3:E$202,6),GIOCATORI!E$3:E$202,0)),"") | G21: =IFERROR(INDEX(GIOCATORI!H$3:H$202,MATCH(LARGE(GIOCATORI!E$3:E$202,6),GIOCATORI!E$3:E$202,0)),"")
A22: 7 | B22: =IFERROR(INDEX(GIOCATORI!C$3:C$202,MATCH(LARGE(GIOCATORI!E$3:E$202,7),GIOCATORI!E$3:E$202,0)),"") | C22: =IFERROR(INDEX(GIOCATORI!D$3:D$202,MATCH(LARGE(GIOCATORI!E$3:E$202,7),GIOCATORI!E$3:E$202,0)),"") | D22: =IFERROR(INDEX(GIOCATORI!E$3:E$202,MATCH(LARGE(GIOCATORI!E$3:E$202,7),GIOCATORI!E$3:E$202,0)),"") | E22: =IFERROR(INDEX(GIOCATORI!F$3:F$202,MATCH(LARGE(GIOCATORI!E$3:E$202,7),GIOCATORI!E$3:E$202,0)),"") | F22: =IFERROR(INDEX(GIOCATORI!G$3:G$202,MATCH(LARGE(GIOCATORI!E$3:E$202,7),GIOCATORI!E$3:E$202,0)),"") | G22: =IFERROR(INDEX(GIOCATORI!H$3:H$202,MATCH(LARGE(GIOCATORI!E$3:E$202,7),GIOCATORI!E$3:E$202,0)),"")
A23: 8 | B23: =IFERROR(INDEX(GIOCATORI!C$3:C$202,MATCH(LARGE(GIOCATORI!E$3:E$202,8),GIOCATORI!E$3:E$202,0)),"") | C23: =IFERROR(INDEX(GIOCATORI!D$3:D$202,MATCH(LARGE(GIOCATORI!E$3:E$202,8),GIOCATORI!E$3:E$202,0)),"") | D23: =IFERROR(INDEX(GIOCATORI!E$3:E$202,MATCH(LARGE(GIOCATORI!E$3:E$202,8),GIOCATORI!E$3:E$202,0)),"") | E23: =IFERROR(INDEX(GIOCATORI!F$3:F$202,MATCH(LARGE(GIOCATORI!E$3:E$202,8),GIOCATORI!E$3:E$202,0)),"") | F23: =IFERROR(INDEX(GIOCATORI!G$3:G$202,MATCH(LARGE(GIOCATORI!E$3:E$202,8),GIOCATORI!E$3:E$202,0)),"") | G23: =IFERROR(INDEX(GIOCATORI!H$3:H$202,MATCH(LARGE(GIOCATORI!E$3:E$202,8),GIOCATORI!E$3:E$202,0)),"")
A24: 9 | B24: =IFERROR(INDEX(GIOCATORI!C$3:C$202,MATCH(LARGE(GIOCATORI!E$3:E$202,9),GIOCATORI!E$3:E$202,0)),"") | C24: =IFERROR(INDEX(GIOCATORI!D$3:D$202,MATCH(LARGE(GIOCATORI!E$3:E$202,9),GIOCATORI!E$3:E$202,0)),"") | D24: =IFERROR(INDEX(GIOCATORI!E$3:E$202,MATCH(LARGE(GIOCATORI!E$3:E$202,9),GIOCATORI!E$3:E$202,0)),"") | E24: =IFERROR(INDEX(GIOCATORI!F$3:F$202,MATCH(LARGE(GIOCATORI!E$3:E$202,9),GIOCATORI!E$3:E$202,0)),"") | F24: =IFERROR(INDEX(GIOCATORI!G$3:G$202,MATCH(LARGE(GIOCATORI!E$3:E$202,9),GIOCATORI!E$3:E$202,0)),"") | G24: =IFERROR(INDEX(GIOCATORI!H$3:H$202,MATCH(LARGE(GIOCATORI!E$3:E$202,9),GIOCATORI!E$3:E$202,0)),"")
A25: 10 | B25: =IFERROR(INDEX(GIOCATORI!C$3:C$202,MATCH(LARGE(GIOCATORI!E$3:E$202,10),GIOCATORI!E$3:E$202,0)),"") | C25: =IFERROR(INDEX(GIOCATORI!D$3:D$202,MATCH(LARGE(GIOCATORI!E$3:E$202,10),GIOCATORI!E$3:E$202,0)),"") | D25: =IFERROR(INDEX(GIOCATORI!E$3:E$202,MATCH(LARGE(GIOCATORI!E$3:E$202,10),GIOCATORI!E$3:E$202,0)),"") | E25: =IFERROR(INDEX(GIOCATORI!F$3:F$202,MATCH(LARGE(GIOCATORI!E$3:E$202,10),GIOCATORI!E$3:E$202,0)),"") | F25: =IFERROR(INDEX(GIOCATORI!G$3:G$202,MATCH(LARGE(GIOCATORI!E$3:E$202,10),GIOCATORI!E$3:E$202,0)),"") | G25: =IFERROR(INDEX(GIOCATORI!H$3:H$202,MATCH(LARGE(GIOCATORI!E$3:E$202,10),GIOCATORI!E$3:E$202,0)),"")

Sheet EXPORT_JSON
A1: EXPORT JSON — Kairos Cup · Copia il testo dalla cella B6 nel sito web
B2: 1. Apri il sito Kairos Cup 2. Clicca 'Aggiorna Dati' 3. Incolla il contenuto della cella B6 nel campo apposito 4. Clicca Conferma
C3: =IFERROR("{"&"pos:"&CLASSIFICA!A3&",squadra:\""&CLASSIFICA!B3&"\""&",G:"&CLASSIFICA!C3&",V:"&CLASSIFICA!D3&",N:"&CLASSIFICA!E3&",P:"&CLASSIFICA!F3&",GF:"&CLASSIFICA!G3&",GS:"&CLASSIFICA!H3&",Dr:"&CLASSIFICA!I3&",Pt:"&CLASSIFICA!J3&"}","") | D3: =IFERROR("{"&"nome:\""&CLASSIFICA!B16&"\""&",squadra:\""&CLASSIFICA!C16&"\""&",gol:"&CLASSIFICA!D16&",assist:"&CLASSIFICA!E16&",voto:"&CLASSIFICA!F16&"}","") | E3: =IFERROR("{"&"nome:\""&INDEX(GIOCATORI!C$3:C$202,MATCH(LARGE(IF(GIOCATORI!I$3:I$202="Portiere",GIOCATORI!G$3:G$202),1),IF(GIOCATORI!I$3:I$202="Portiere",GIOCATORI!G$3:G$202),0))&"\""&",squadra:\""&INDEX(GIOCATORI!D$3:D$202,MATCH(LARGE(IF(GIOCATORI!I$3:I$202="Portiere",GIOCATORI!G$3:G$202),1),IF(GIOCATORI!I$3:I$202="Portiere",GIOCATORI!G$3:G$202),0))&"\""&",voto:"&LARGE(IF(GIOCATORI!I$3:I$202="Portiere",GIOCATORI!G$3:G$202),1)&"}","")
C4: =IFERROR("{"&"pos:"&CLASSIFICA!A4&",squadra:\""&CLASSIFICA!B4&"\""&",G:"&CLASSIFICA!C4&",V:"&CLASSIFICA!D4&",N:"&CLASSIFICA!E4&",P:"&CLASSIFICA!F4&",GF:"&CLASSIFICA!G4&",GS:"&CLASSIFICA!H4&",Dr:"&CLASSIFICA!I4&",Pt:"&CLASSIFICA!J4&"}","") | D4: =IFERROR("{"&"nome:\""&CLASSIFICA!B17&"\""&",squadra:\""&CLASSIFICA!C17&"\""&",gol:"&CLASSIFICA!D17&",assist:"&CLASSIFICA!E17&",voto:"&CLASSIFICA!F17&"}","") | E4: =IFERROR("{"&"nome:\""&INDEX(GIOCATORI!C$3:C$202,MATCH(LARGE(IF(GIOCATORI!I$3:I$202="Portiere",GIOCATORI!G$3:G$202),2),IF(GIOCATORI!I$3:I$202="Portiere",GIOCATORI!G$3:G$202),0))&"\""&",squadra:\""&INDEX(GIOCATORI!D$3:D$202,MATCH(LARGE(IF(GIOCATORI!I$3:I$202="Portiere",GIOCATORI!G$3:G$202),2),IF(GIOCATORI!I$3:I$202="Portiere",GIOCATORI!G$3:G$202),0))&"\""&",voto:"&LARGE(IF(GIOCATORI!I$3:I$202="Portiere",GIOCATORI!G$3:G$202),2)&"}","")
B5: JSON da copiare nel sito: | C5: =IFERROR("{"&"pos:"&CLASSIFICA!A5&",squadra:\""&CLASSIFICA!B5&"\""&",G:"&CLASSIFICA!C5&",V:"&CLASSIFICA!D5&",N:"&CLASSIFICA!E5&",P:"&CLASSIFICA!F5&",GF:"&CLASSIFICA!G5&",GS:"&CLASSIFICA!H5&",Dr:"&CLASSIFICA!I5&",Pt:"&CLASSIFICA!J5&"}","") | D5: =IFERROR("{"&"nome:\""&CLASSIFICA!B18&"\""&",squadra:\""&CLASSIFICA!C18&"\""&",gol:"&CLASSIFICA!D18&",assist:"&CLASSIFICA!E18&",voto:"&CLASSIFICA!F18&"}","") | E5: =IFERROR("{"&"nome:\""&INDEX(GIOCATORI!C$3:C$202,MATCH(LARGE(IF(GIOCATORI!I$3:I$202="Portiere",GIOCATORI!G$3:G$202),3),IF(GIOCATORI!I$3:I$202="Portiere",GIOCATORI!G$3:G$202),0))&"\""&",squadra:\""&INDEX(GIOCATORI!D$3:D$202,MATCH(LARGE(IF(GIOCATORI!I$3:I$202="Portiere",GIOCATORI!G$3:G$202),3),IF(GIOCATORI!I$3:I$202="Portiere",GIOCATORI!G$3:G$202),0))&"\""&",voto:"&LARGE(IF(GIOCATORI!I$3:I$202="Portiere",GIOCATORI!G$3:G$202),3)&"}","")
B6: ="{""classifica"":["&TEXTJOIN(",",TRUE,C3:C12)&"],""cannonieri"":["&TEXTJOIN(",",TRUE,D3:D12)&"],""portieri"":["&TEXTJOIN(",",TRUE,E3:E7)&"]}" | C6: =IFERROR("{"&"pos:"&CLASSIFICA!A6&",squadra:\""&CLASSIFICA!B6&"\""&",G:"&CLASSIFICA!C6&",V:"&CLASSIFICA!D6&",N:"&CLASSIFICA!E6&",P:"&CLASSIFICA!F6&",GF:"&CLASSIFICA!G6&",GS:"&CLASSIFICA!H6&",Dr:"&CLASSIFICA!I6&",Pt:"&CLASSIFICA!J6&"}","") | D6: =IFERROR("{"&"nome:\""&CLASSIFICA!B19&"\""&",squadra:\""&CLASSIFICA!C19&"\""&",gol:"&CLASSIFICA!D19&",assist:"&CLASSIFICA!E19&",voto:"&CLASSIFICA!F19&"}","") | E6: =IFERROR("{"&"nome:\""&INDEX(GIOCATORI!C$3:C$202,MATCH(LARGE(IF(GIOCATORI!I$3:I$202="Portiere",GIOCATORI!G$3:G$202),4),IF(GIOCATORI!I$3:I$202="Portiere",GIOCATORI!G$3:G$202),0))&"\""&",squadra:\""&INDEX(GIOCATORI!D$3:D$202,MATCH(LARGE(IF(GIOCATORI!I$3:I$202="Portiere",GIOCATORI!G$3:G$202),4),IF(GIOCATORI!I$3:I$202="Portiere",GIOCATORI!G$3:G$202),0))&"\""&",voto:"&LARGE(IF(GIOCATORI!I$3:I$202="Portiere",GIOCATORI!G$3:G$202),4)&"}","")
B7: ↑ Seleziona B6, copia (Ctrl+C) e incolla nel campo JSON del sito Kairos Cup. | C7: =IFERROR("{"&"pos:"&CLASSIFICA!A7&",squadra:\""&CLASSIFICA!B7&"\""&",G:"&CLASSIFICA!C7&",V:"&CLASSIFICA!D7&",N:"&CLASSIFICA!E7&",P:"&CLASSIFICA!F7&",GF:"&CLASSIFICA!G7&",GS:"&CLASSIFICA!H7&",Dr:"&CLASSIFICA!I7&",Pt:"&CLASSIFICA!J7&"}","") | D7: =IFERROR("{"&"nome:\""&CLASSIFICA!B20&"\""&",squadra:\""&CLASSIFICA!C20&"\""&",gol:"&CLASSIFICA!D20&",assist:"&CLASSIFICA!E20&",voto:"&CLASSIFICA!F20&"}","") | E7: =IFERROR("{"&"nome:\""&INDEX(GIOCATORI!C$3:C$202,MATCH(LARGE(IF(GIOCATORI!I$3:I$202="Portiere",GIOCATORI!G$3:G$202),5),IF(GIOCATORI!I$3:I$202="Portiere",GIOCATORI!G$3:G$202),0))&"\""&",squadra:\""&INDEX(GIOCATORI!D$3:D$202,MATCH(LARGE(IF(GIOCATORI!I$3:I$202="Portiere",GIOCATORI!G$3:G$202),5),IF(GIOCATORI!I$3:I$202="Portiere",GIOCATORI!G$3:G$202),0))&"\""&",voto:"&LARGE(IF(GIOCATORI!I$3:I$202="Portiere",GIOCATORI!G$3:G$202),5)&"}","")
C8: =IFERROR("{"&"pos:"&CLASSIFICA!A8&",squadra:\""&CLASSIFICA!B8&"\""&",G:"&CLASSIFICA!C8&",V:"&CLASSIFICA!D8&",N:"&CLASSIFICA!E8&",P:"&CLASSIFICA!F8&",GF:"&CLASSIFICA!G8&",GS:"&CLASSIFICA!H8&",Dr:"&CLASSIFICA!I8&",Pt:"&CLASSIFICA!J8&"}","") | D8: =IFERROR("{"&"nome:\""&CLASSIFICA!B21&"\""&",squadra:\""&CLASSIFICA!C21&"\""&",gol:"&CLASSIFICA!D21&",assist:"&CLASSIFICA!E21&",voto:"&CLASSIFICA!F21&"}","")
C9: =IFERROR("{"&"pos:"&CLASSIFICA!A9&",squadra:\""&CLASSIFICA!B9&"\""&",G:"&CLASSIFICA!C9&",V:"&CLASSIFICA!D9&",N:"&CLASSIFICA!E9&",P:"&CLASSIFICA!F9&",GF:"&CLASSIFICA!G9&",GS:"&CLASSIFICA!H9&",Dr:"&CLASSIFICA!I9&",Pt:"&CLASSIFICA!J9&"}","") | D9: =IFERROR("{"&"nome:\""&CLASSIFICA!B22&"\""&",squadra:\""&CLASSIFICA!C22&"\""&",gol:"&CLASSIFICA!D22&",assist:"&CLASSIFICA!E22&",voto:"&CLASSIFICA!F22&"}","")
C10: =IFERROR("{"&"pos:"&CLASSIFICA!A10&",squadra:\""&CLASSIFICA!B10&"\""&",G:"&CLASSIFICA!C10&",V:"&CLASSIFICA!D10&",N:"&CLASSIFICA!E10&",P:"&CLASSIFICA!F10&",GF:"&CLASSIFICA!G10&",GS:"&CLASSIFICA!H10&",Dr:"&CLASSIFICA!I10&",Pt:"&CLASSIFICA!J10&"}","") | D10: =IFERROR("{"&"nome:\""&CLASSIFICA!B23&"\""&",squadra:\""&CLASSIFICA!C23&"\""&",gol:"&CLASSIFICA!D23&",assist:"&CLASSIFICA!E23&",voto:"&CLASSIFICA!F23&"}","")
C11: =IFERROR("{"&"pos:"&CLASSIFICA!A11&",squadra:\""&CLASSIFICA!B11&"\""&",G:"&CLASSIFICA!C11&",V:"&CLASSIFICA!D11&",N:"&CLASSIFICA!E11&",P:"&CLASSIFICA!F11&",GF:"&CLASSIFICA!G11&",GS:"&CLASSIFICA!H11&",Dr:"&CLASSIFICA!I11&",Pt:"&CLASSIFICA!J11&"}","") | D11: =IFERROR("{"&"nome:\""&CLASSIFICA!B24&"\""&",squadra:\""&CLASSIFICA!C24&"\""&",gol:"&CLASSIFICA!D24&",assist:"&CLASSIFICA!E24&",voto:"&CLASSIFICA!F24&"}","")
C12: =IFERROR("{"&"pos:"&CLASSIFICA!A12&",squadra:\""&CLASSIFICA!B12&"\""&",G:"&CLASSIFICA!C12&",V:"&CLASSIFICA!D12&",N:"&CLASSIFICA!E12&",P:"&CLASSIFICA!F12&",GF:"&CLASSIFICA!G12&",GS:"&CLASSIFICA!H12&",Dr:"&CLASSIFICA!I12&",Pt:"&CLASSIFICA!J12&"}","") | D12: =IFERROR("{"&"nome:\""&CLASSIFICA!B25&"\""&",squadra:\""&CLASSIFICA!C25&"\""&",gol:"&CLASSIFICA!D25&",assist:"&CLASSIFICA!E25&",voto:"&CLASSIFICA!F25&"}","")
